{
    "requestToken": "Cs4JW1-SCF3Mp-vI08F-Wv6-FVnDSZ",
    "delimiters": {
        "alpha": "--------",
        "omega": "========"
    },
    "encData": [
        "8AXGf1lzNR0hmWufcbza",
        "AJ4cRuyNrCJhQqPb64",
        "rlrJjSUdsABBIFPeI",
        "sDmpsvnEAaRAVmJvpH6BsJUzAWltDkt",
        "GiBXZAAY6IPJf3fL7Zn6hF16",
        "--------",
        "vg2zi82FDilokjEjJmlSIdM",
        "v30A6KPlzpWS4q26J8NyHCi1L",
        "========",
        "xwLAYpDOYtrPzC1DS1hyU",
        "ZqgdI504XaOXc3oY4PeaXvlsqg6",
        "--------",
        "Y2NoDhueOJeVcI4Q2644AwWCRw0"
    ]
}