{
    "requestToken": "6jruPg-TX7MeT-mDdL3-lAj-M4QZN7",
    "delimiters": {
        "alpha": "A(_,wC6|]s0X==P4I=1#$OTg",
        "omega": "d2FnZ,)um2]=\\tmk&cSo==pdF7_GRCI"
    },
    "encData": [
        "KXwarNBKYv6oFgRSbp7pzRmIT5uljsx",
        "xBsIkbY84d3zWpi1vpm7",
        "G4RTxRmQw4ozEG2VzZ",
        "tVJ9zEJNoz3p5ChcO7",
        "RKcM3n0EhXl8BdW7iLndv8aSIgfCJD",
        "nujB2jOacV6o8CcjtfydHKA2y",
        "nWjC13OHhoXPWWS2Fb9ht2j8YLH",
        "8RbLzauyv8SxPtV8Y4d6W",
        "zaTPwWxGeAGiO9aHcu0O",
        "2YBrMgowEn12L0HDeY1N7CChMq0U",
        "v10NT9ehdTbsbWTpMnzTjwk9BIMEHb",
        "czBNhUHNa6SRCksonM6wpdyWo",
        "Rc6WoBuoTcbpQdxXNuJ6JfEj9KJXCh",
        "in1APnCWghi7DTAC33vMWKjBgvHfdje",
        "asXn0RDNNoW9KKs1bMA3",
        "J93LJbXfG6l0iBsd424tVoM8w",
        "d2FnZ,)um2]=\\tmk&cSo==pdF7_GRCI",
        "9nF1Em4xCVfPpABL6eHudgbAnLq0ao",
        "nZ4pMF0Q7PNaHRhoS1o5Prah",
        "fNYHvkKJqq810Z2JXq6dR5Q",
        "A(_,wC6|]s0X==P4I=1#$OTg",
        "RIVQmfREA3OE4FyJFClpySUaTvqw",
        "hpvQPLrdjKYsmAiyvOjSrvhnWyx8MZ",
        "F3b0CxCxSbZnIAnS8vnxs",
        "A(_,wC6|]s0X==P4I=1#$OTg",
        "trEhntn8N9WIzW0R",
        "Keflo8d8Z1wK5DMR41fXi5tG81mKkWfA",
        "ogehlt8EBfQNQIlloPdHLszva5uf",
        "p3ntLbiQjYwWdJ4zkaCqsBZR",
        "g05CijFIfyEJfH5Ih3XLSG",
        "pr8P1eoBzmWBIhQV",
        "C18v5vA7cFszkJgVeloEa8zn4rt0",
        "kD3eY4EwD61CDhUrAeGM3Q0N4SZn",
        "sE2RUQrBkLI4Ao4xpOtFGxWRAE2dvG",
        "A(_,wC6|]s0X==P4I=1#$OTg",
        "lmKjGQvjLotianAuumGQRWzFPuPVq",
        "eIl6PLyQY6LxEgqvYPV",
        "HtzCioGkWRelrFjgOc",
        "lzy2vP8dbcKAudswQvIOT1",
        "MdQOjowmN8XmhH8FUAtN1i7OzC1ZD",
        "wMgFlSqCc5boN7GSN4VLzr7arCAPmA8i",
        "XtvjTHpd1dxZ1bqbvvkd6",
        "64JeoP6jJIE0kX9IKsQ",
        "g0hHINk9Z3vrZlbXZ",
        "A(_,wC6|]s0X==P4I=1#$OTg",
        "kWZZxKQaYD5fWCCy5vgljMG",
        "4nFfYN7zND8gJFucotCuTxF65I",
        "gYClpV7BwKmMM831bzqwQu2ZFU",
        "EsDSZqhpyYUCd4d7m2TKQCDoSKucMrz",
        "u7o30hGpZJlkOXRFQBuWo60Gf4PNM73",
        "e6MWZwpzpkHgqXA9L2TMPKI2T",
        "d2FnZ,)um2]=\\tmk&cSo==pdF7_GRCI",
        "RAqHCIYs3majqHbitG5ETwMKw00wG2v",
        "KgLZSTlXtGNjWzn6Vrm33o3O",
        "P5oEOTiWFoNZVPptcZb1",
        "d2FnZ,)um2]=\\tmk&cSo==pdF7_GRCI",
        "ClulzNbyZ8FlXge5"
    ]
}