{
    "requestToken": "2KRcBb-S7oGJW-790XH-jUf-ZEkrL9",
    "delimiters": {
        "alpha": "|v+vJhsS|7U$\\5=(Im1+0+$Xcvc",
        "omega": "|[N0G]r!B)ww=PuV4"
    },
    "encData": [
        "9hXkTNOpZ2qGkf0MIlYcZXANK5nvA",
        "q9QimUXqRdNa76aNzLJwS",
        "ncY5AZ7CN4kP3qnWvlRqyWCXfuc4",
        "nhIbQP6iDuoqFSjye0ZJV",
        "psQ5UXgPPEfs7Nzwz",
        "1MqNQD3gnsrRO7FWdGmQHQu7Lt",
        "F9Ggth4a1EXCesjTdMk",
        "CDOPVg9RFMSZF0I3I",
        "ilFA9o0t3lpIcd2k542WJp0a4nhWUPr",
        "GXZJaGklS04ewdrLXPtu8UmbdiV",
        "M4ZynwNwyDrxNyUZVH2fZIdZv",
        "ZJPBmZyfTt3Iepeq",
        "1OjI53h26eUiCln5KtGSzhu6FPnaY",
        "bVWG1BJmd5HbczZ1cg62IQ5XtWE",
        "UAPS67D4pyX6F0DhxmNA9nzQlxksa",
        "J87uAxPEfHD9Boda6Sel",
        "|[N0G]r!B)ww=PuV4",
        "uwCLfRDJf5SE4R9v7KWxOs0",
        "qpjBdRGxtyZFLZEEc3mu28fI0U",
        "dmebq315YmfH9uxrmkvYQg",
        "|[N0G]r!B)ww=PuV4",
        "M5I9izVDMhca9uAx9Hp",
        "IWRlCzsU4me0cHKb",
        "f4cIx8w1ahrY76ow",
        "QBgZpOVRL7BU3RpYYpZkdzOarfOVky",
        "F78iKjk4fLCfosHsB5",
        "09NI8xUYnbpe0X5MnE1bNH",
        "|v+vJhsS|7U$\\5=(Im1+0+$Xcvc",
        "eAnfIySfB5ay5tiOMPyM8NyfBjOw",
        "4pT3AuG4USA3IgmjDsGT",
        "oRI7aNTKnIkLlq5l",
        "QS26nHV7ETScov7XWXO",
        "0N0nqH36nnTExYoX",
        "hiPdPi4XpVR1P0LEmSD9n",
        "|[N0G]r!B)ww=PuV4",
        "HsVUlSrfDPlaAdl3z",
        "qDCNMI6o09lwRWMTSJYgHTpyVq",
        "iFTn2gZJwU4lE6hiEXWyBWvBNAXD1",
        "IDudIwkpYnSAp2WCUGKOIh",
        "nS9uIvipQ7f9bW9Mb1JUP0sNw80Gc",
        "G0yipWG2aa3MLft62n9S3i3v3we5Gv",
        "|[N0G]r!B)ww=PuV4",
        "ptdt31ErwuHQnGQUG",
        "9n1ATMifuS0gQNxqeaMyhBUwXPUweWM4",
        "1EkvtIbCBc2MAQU4XHKgySgUi",
        "|v+vJhsS|7U$\\5=(Im1+0+$Xcvc",
        "F64QtIeiWETN81hu5i5",
        "6LnV0Z5EjMxB6aSgP7G",
        "ELWcoaonRQY4cORIgC1ZL",
        "NDaoM0h8ZnObf4ocW",
        "xFlblQzXdDwUGlDK06f",
        "UvbgIAXRv9d4OUmJ7UqSV1pmAkvfE",
        "|[N0G]r!B)ww=PuV4",
        "fuVquqoRmgLwnYYVbQwlGvUDz6Xt3Pfo",
        "EVFSlIy9j1PzjIMGS",
        "nUc0eC77cyFNdkLhsKBuAcl67",
        "5UAh8gFr2kgzw24CLwICfRxMZGYEe1Y",
        "37bbbD7tKSlaVONtMXivMmZ",
        "RLtym16NotAQrGU4",
        "|v+vJhsS|7U$\\5=(Im1+0+$Xcvc",
        "MVhvEk4w9TpV0wQg8RL",
        "aMO4vCQpsaETRy8Ly",
        "IvgwwswzRtyJ1rVbVLmvER",
        "|[N0G]r!B)ww=PuV4",
        "Ce6dGQCpsZf8w1Vxy1WUPfywEq5s8Tn",
        "XtQZcEUplofWNEH4C725T",
        "X2GzbMhN9kVvlQAidgbHfQod",
        "|[N0G]r!B)ww=PuV4",
        "bR796tqE9n6ODPMDPdkUzN4dXq",
        "J96nkfBFKKVPXQFG5HwJq",
        "ixdTSPqOlGQewmtGod6D",
        "Tb0dQKQpfopDOjaz1fyQZK7ze",
        "Vhh5DLppkJaozDcdUjWz6iGTqEm",
        "7ky5UJ8USFlqqwaQlYCM",
        "1iezb7bkd24VSJrB",
        "PEHU2bHJeyZS6R3tL3kqlC",
        "arHqRSH03VvtNYHOsJh",
        "wYmWM4hqkrZcvTpR",
        "8ZLjhSIs4apU2sOEAdJJgw5Ev",
        "qatbNS1GJzjOFs4VTLLwX",
        "r797FUs53Si0cWS36s0fEDXYj",
        "QVlQXhPNMBdkrgm2om4qpry5MScXA4V",
        "NktShBOizQApcLVXeJdtbxKjZduKIzf",
        "|v+vJhsS|7U$\\5=(Im1+0+$Xcvc",
        "VuiptCSskVaf7BudRzrJp",
        "5P2RVqkaTjRsCAjt",
        "FIw0jmJCteAk7TIDHw8dKmHRSG",
        "SfQGNDsOr456HMZG7",
        "PMo65meA7zWLlVgh",
        "6oeqBHmQeleRELEZHJKTjdU0IoQg6",
        "|v+vJhsS|7U$\\5=(Im1+0+$Xcvc",
        "M8Abm2Wq5cCgaYj897H",
        "T4YKc2Cfl0M1c2QiQHamO3p2rngiEx",
        "Xqjevhgbax1w90lMQw2pWv",
        "|v+vJhsS|7U$\\5=(Im1+0+$Xcvc",
        "eSJ6OFpxNm4RofYupqvEB1wR",
        "YUP5MyZ82bvUy8Cg2R8YC0sz",
        "eBsWtEhDQZyOtE3p1954Hk",
        "|v+vJhsS|7U$\\5=(Im1+0+$Xcvc",
        "wmLD6c66Fi0sXKfGuoYTyxKeh",
        "QHnyDl2AUonP2jmTKjKVonK04",
        "Qc261lmnieCVaMFgPfyfZD68Tt",
        "aaOYfe3wJhSXO9KR1G7aT",
        "kUYkGarlT3vsqpWQlD",
        "tFCiaZ48hH8lPgJjtfqABqTq8THUmlO5",
        "|[N0G]r!B)ww=PuV4",
        "PlM63vKPR5FbszwDu6Z",
        "j057MIqdHbz99xPYHDTQYN7NvE",
        "GHfM0KZglzRZQriX8hwY7wqR7Q1BGS",
        "JeH3VKrd6Kp8BTa1SMw",
        "oJMTnpRrkRLIKOWCfKyj",
        "jTW5f5izhRpPGFqdzaiDRu",
        "|v+vJhsS|7U$\\5=(Im1+0+$Xcvc",
        "DkoThwwFgnRW9LHk9s3Hgqx4Z",
        "5YkFouU99N6MCNBWUT",
        "PEZdbvQtvEACI6NiwJ3ANpajKR"
    ]
}