{
    "requestToken": "Jx1buq-Xz0PEo-3vXhV-Utj-Ta9iSq",
    "delimiters": {
        "alpha": "NrE=[3Rw=K7X9;Rh%,S+ul=D",
        "omega": "Cu)vq.u7F=0k3y=M[j5)QeDKNtpk+f"
    },
    "encData": [
        "z2bbYf0oHuBFKEWhxz8VLdQ",
        "gtxkmXT71F05kxqKSpyZgCtHt",
        "HzgxHlAhEkARBbl4",
        "IOdOkkFjs0MqmCTYWQIdMAVgP7HQ",
        "Fjzr7G6ObAwWHWeSP9wqDr3jSSHbu5J",
        "Cu)vq.u7F=0k3y=M[j5)QeDKNtpk+f",
        "V6cgHEc3AyizS5I3UtJN3VjjXxOOEPS",
        "GTrYHlafJ6pAwoNBuSngbrKc2NMbt",
        "o1xzwjA3RffdqZ7iD3ETP94KKw",
        "UCiD7ECUnXV9u2f1",
        "Cu)vq.u7F=0k3y=M[j5)QeDKNtpk+f",
        "9nkenlLTG2ZxMVbCQyWq",
        "8QcsunHIJHxN3QHG3TDwF4SLw1",
        "mv11fzuQCRGJ9NVgGsJP6T2Gn",
        "626lMMoTLR1w99rcpoawsVXnk",
        "Cu)vq.u7F=0k3y=M[j5)QeDKNtpk+f",
        "sebK4BclWV934KsOVtfx7gbu",
        "wdDvb1OC6tYaBaoK2d01rhxg",
        "79DZ9Aa6uddwfMqdJQ5hmBeKEeVZZyOX",
        "BaCEqlQInWIttjACluF0m1qVAtoUzbH8",
        "NrE=[3Rw=K7X9;Rh%,S+ul=D",
        "aztganco2vx8SWEYb7M99RCEEglkHb",
        "J2fy2edqo4ZNp2CoY5KjB72nJ",
        "HPTb0puJJarJS5I0BKj8gEla",
        "u4NxenzBdkZTV1qoUIn5AIpa",
        "XYq5H7gdDOce3GlVLYmPocmfLrBlZ",
        "BnMYZXZT2m7NNBWDr8zp",
        "siCzsMEqaM4pYpSe2DMVCo77GdbSFg",
        "E8Xdmaq15B7OCg8Q5h",
        "NrE=[3Rw=K7X9;Rh%,S+ul=D",
        "L9xviIUI95x6qvgOL8ME0l0K",
        "7JZYnWgmx8ApEcmhwCBprb5uTH",
        "11MTQREC0wq7NVxlkMZavooGwV",
        "8lKi7u9NUKpT76HZYFXACX5cLwsVON",
        "NrE=[3Rw=K7X9;Rh%,S+ul=D",
        "KcofPrf8zEUQ0wtGchXjh",
        "MPfQ1ynGH8g7eYfKN3A8AbRhDb6",
        "kgOp3hFNxM5W7U26rfgyy",
        "AQr1FJUdB2UrmW8QQD5aR",
        "LJK7XaCq8sZovs7vzZVHX4u",
        "GMUeDsbMEGHnBu7aUTJjALrt5mj",
        "24mSoTz3RmJEUaIb",
        "imfk7nP4Tx8DzBf5tOc51vTLJ",
        "Cu)vq.u7F=0k3y=M[j5)QeDKNtpk+f",
        "fHc1ubhIiB51fTSOpKa",
        "3yg0PzmAP4EpTNFLvlAputgQw",
        "J9e6fbaewH3QBVXwnd776vSmMZyDHJ7y",
        "IHMTQKkY5vch4J9Fg",
        "Cu)vq.u7F=0k3y=M[j5)QeDKNtpk+f",
        "BisYr0oiaoTIRDyt78pgW",
        "ekWqGa9Krqzz3P0Q5yhpWI",
        "wxkhs4ofH0o5OrbeH",
        "mLIdblnthfVoUHlaqD5DSJLbbwbGaldO",
        "Cu)vq.u7F=0k3y=M[j5)QeDKNtpk+f",
        "8OZTezrk2fkDl2LJ9k9ipVnq6zVX6po",
        "K1meOnMONZAIeB1IuCV",
        "WVe1dt8LaI2LOUN9gaaQZkU7V6",
        "iXqdFUHOlEPOoSRh",
        "2693rvn7Y2D94rf52c",
        "DCj37fO90dMJ5dxeLU4Fe6LmKrFQ",
        "vnRpWtjrafzXr9wKqsx2xy2qSx5p8NMT",
        "kq1nm5N5pwsgqzXO1Xf",
        "NrE=[3Rw=K7X9;Rh%,S+ul=D",
        "ph76GD1tl2Ho34Xn1ItwdIoDA",
        "G7LfCtM9xy40KJO99oeHJwL",
        "AfCbsMSiEiKqnJmjkO5SRm4KH6Rt",
        "F1q2EVwLQ54nlwKPI9qJoRlhcbhxrLwy",
        "lzSC4hO3fYs2Br7GbZr32Htew5SfuAU",
        "x5eRHa9qwCKKtHTZk",
        "zWHpjFE7XROcXlAWj9",
        "QF4M0NNrRiSgNwaLCIqxGL",
        "Cu)vq.u7F=0k3y=M[j5)QeDKNtpk+f",
        "m6M7w7EvqZiUV0ORbDKrcF1aSIwBjP4X",
        "HsTu0ewPsQVj3k79p75EGGmBJXK",
        "PJN0G2ML57bln9vPrldioTvwhX",
        "IXOHvQH5YLL2Y5FHHi5v4LuQ5u6",
        "QNm4zjWZgXen3P1LBgXqwgYPCF",
        "yZP0Mv6AwbombYbnKAxwhFCuyreSNi",
        "aGb21aKJ1eXk4v86TZnhy9SJa",
        "xSBBwLbzplJdpDnYUEEQ8",
        "3ITSqqC9nhQNUNQg7",
        "MC9uuY2fg1aRNHu1roZiMSRvtTy7obp",
        "aLoVpbgHN3YW8Ca4X4JPP",
        "jvCLV3jmTMV4lfLbrteQDtG",
        "Cu)vq.u7F=0k3y=M[j5)QeDKNtpk+f",
        "ipspMIntA4SLoEenAtlNU7CVib42ep",
        "O0wMZkZbnSeWMGW0jjNui0aZ3",
        "PwFkTsCQ01gjcUXi95wQY7GYIkF",
        "o3UQixy0kuf6UpceG8SbB0fWSXf",
        "NrE=[3Rw=K7X9;Rh%,S+ul=D",
        "VeZQ0li4nhLQOySMnd",
        "3AgaIKCK64xx3Htj9",
        "ZJiYNalZ8tGFj7vnlTRLnVk",
        "y4A9EWMH8Oz7lScheSf5422XU",
        "uNMuzmMHJgILKYZR",
        "FKRm0YxqfaOSCpxUCxvr2Hq9Gn",
        "Zvk314mNSATTg7J5u",
        "MBk5EzhwmTvPVOspnUQoeQ",
        "NrE=[3Rw=K7X9;Rh%,S+ul=D",
        "NxYRh2XMGVduKvji3sfJxb77orjXh8HA",
        "BxFyPBWqpg5MgZ5M9QA",
        "OqTcUTgBnMlhlVZW7pHFfon0Zq",
        "m99lTdrxWCBPzhEzFKZ0kuEaWEPZ",
        "Cu)vq.u7F=0k3y=M[j5)QeDKNtpk+f",
        "Rv14DwiPLcBoXsdPxoaWhQ9pl0",
        "nBSrWefQ5RuQdHMMk5nloJjz",
        "6QWLJEjPpcp5quEyEhjdltOtF",
        "8ygHwo6yFUpAJkxqW0HpDE",
        "vW7FA5EhLaMo3FZABnyIBSMMc",
        "ndVTSfBcmfAxD9vGF7I5",
        "acYvxpcFuO4KYF3GWuAnJLQ20AiW",
        "K0MxS1knfkglEps5",
        "Cu)vq.u7F=0k3y=M[j5)QeDKNtpk+f",
        "9Odc5ulik65Jhp6nyoBaNWi2kGny",
        "vrlnvbeG8jS75rfIaeDrX7rwL",
        "PH6OJMn0GXe62bBN84tdJoCP",
        "ZeUdn3SnSmg3CtTJU",
        "Cu)vq.u7F=0k3y=M[j5)QeDKNtpk+f",
        "DCLv5g5VyFpNSVlFJEZj",
        "Qs2qd7xsbYWpb3eCWqC3A",
        "zydTFC4FEAHVF9gpsbXgE3gHf2iwwpK",
        "Tq7DKjCewBFk0vwSG8els2fC4zfz6WL",
        "8hFKx53qvnZL6JoeIpKImUU14semgga",
        "z3kyFWA4svQB8HoLvv",
        "5LTg1mh2OujjDXqmfixcZ",
        "ZX0tptYfvYVtJVM6ceR9GCYz49",
        "WsaTF2JxNJtdI6lnpWZeLkEoHtdJcBW",
        "xGzlvFnnpYjdsHbKLfO5d8A",
        "93X108AcmNnWz1cO9YnLBdoqjINgs",
        "WbQ963jry3frIPcOYCpML4rtRJM",
        "Cu)vq.u7F=0k3y=M[j5)QeDKNtpk+f",
        "OayqldGFqAioq6FixQrUDpWEYJUDT",
        "bFKf07cDr4R4zUsLypxtrBv",
        "QZS7mNCFQKw0d5hzEvteUN86tcA8cJE",
        "cgm4H67dDi0FLu5RU",
        "YKfJQr5IyGrgdVniC",
        "uevhgQTdtcAuQ6tHfNjomAVoKUq",
        "VnpjfMTExpb13w4w",
        "fJ4HiykLs11vgw21IXECZ",
        "NrE=[3Rw=K7X9;Rh%,S+ul=D",
        "ZvXDl8Izo6x4p0vWW",
        "3s5IBh8iBKkQ9bdmi8oRU3Huo3qIv",
        "CF8HDDOdWef2LSKdpM89MK2PwhSVW",
        "QYLbVisCjJ16bumeTLgLJauHviuKU8ig",
        "NrE=[3Rw=K7X9;Rh%,S+ul=D",
        "6mui5Z8RcXebt4XJI",
        "1v98GS4LJj3BjI63xApdhOAeCwi",
        "5bzI3FBrcL0U38kVzq3F",
        "gVyRYuM5yeLdRbU6bU9gafLPA2zS9F",
        "gK113Zafxjlyq8Cd2F8UpB",
        "ZV3L4Oeb59xkFFVPmBZJ",
        "EsLNPCQCs710eW6i3SnPa2QCkarSEBps",
        "r9X6UrzkS3Wr88Q706qYnDQdGtLQJQ",
        "95Hpyftjmabc2zmA8Dmc6JP",
        "YaWrLT17oMx2hyqoe0y6fJir0on",
        "bQeVmKuzQ1QmKQlotqXMrNA",
        "69ljnWJyoZ2q5SM0n0fN",
        "Tej6NtCpX68xZE3NGaUByOQlB",
        "lUYzKEDZQGhR7EieAfYx44Lu",
        "C1UOkJqJgA63MOscqe0W",
        "x0ccjy1So8MkOBJOL6gjv20hfM30UD",
        "VnA0rCbN3uvXXCHUgXndmTvSu39G1",
        "hAmDfVGWKDVPgGoE5BbQvvs",
        "fd52HY1piteAbSogPd",
        "e6tX1LKZKBd573OmvaFodpa1akNImu",
        "Cu)vq.u7F=0k3y=M[j5)QeDKNtpk+f",
        "8O98Sk9e9RaoQpEA4eLPNvEO",
        "HrpQoH4ZtaVCl1VorOreax",
        "i4kLt35wnxohLC0qBj7rQ9qVwFWkCqSs",
        "8RHfVI5B1yfR3DGRS",
        "Cu)vq.u7F=0k3y=M[j5)QeDKNtpk+f",
        "idqCwTU8Kvxuh0mwLEWWdZvq",
        "kmwXDyoYexg0hZ3cPF",
        "XXcyqg6bWJGZ9giZRdrfokLwNZA3M",
        "9Yu1mUmfJZ8uPJhY7hF",
        "JM6lXwSadVz79XvXT0u9Y5lCR6nbw",
        "aCHC33WOpKO2HJQ9hJA0uBNcaQSp",
        "pfCUh2zaaLdYgIzB0Rz",
        "IuuH6fMczX2hl0OdEps1kSsXJ06",
        "ejmdZDDQNnZCEdlAiZqwEFdX9flBJV",
        "obFsw1RBqF4xRI0TvQ1sg8LbgYeU",
        "Roxe0c4NG0EUrYSPiqN8ADjAz",
        "fSmFFe49shmYDbTxbcEIrKHbxFKGF",
        "J52KbuMrA9FH1rpP",
        "ugvQUjLFXWz156vEv",
        "RTC81jUzci5Eut0o5KsxUjMFqzy",
        "Ymke82vWwBfajyoFvpdFaociyRpjTd",
        "NrE=[3Rw=K7X9;Rh%,S+ul=D",
        "y04ZVuLMd7MU4yfmt",
        "m9DVMjWtWwWarR3b9Rx",
        "96kDbUcjfYsWCW67FOxcmGMPVp2Vskh",
        "vS7eH13fWpubPP2WJNHJX23GkC8wM5",
        "NrE=[3Rw=K7X9;Rh%,S+ul=D",
        "BlNnBlwRj8hdwkceFWjAVbL5H",
        "tahz7pn2lyI0URE3Q4G493L2SaS8d",
        "lfysOC7MkjjYaWTvzMK2MdX3B0HQ6Y3",
        "58EDJbcLHugsQKWCwk8hqJ2iC5hih",
        "Cu)vq.u7F=0k3y=M[j5)QeDKNtpk+f",
        "VFcQkPpcrlUf6GxMt7mbrBe1Cnpj",
        "U2K4P1TO5FHeRnpdyuKB",
        "fPKxBaKwhtvnXeZ4Nwaui",
        "kMrgupZpuQDzJLXqUVn",
        "NrE=[3Rw=K7X9;Rh%,S+ul=D",
        "ayNm9N3jcH3ESCbGxGGSu",
        "ZrBQ73KETv7A9v6u6nE1RGMjhXuU5Lg",
        "CVeXlhCPIE1BcnFiDPDyhrH2Db8Q",
        "39G8mQDVGN3NvhHmNBrdRF5uNWA9h",
        "Cu)vq.u7F=0k3y=M[j5)QeDKNtpk+f",
        "86UQe4ZlZU7JQcdDZf7rBvuXey",
        "A1TrJko0Tsisf9i5jH3Qg2yNUiCq3p",
        "TA8IhDoz4JA7YGJg",
        "0tvJpjZbgJueoKMTXk3oj",
        "vuXeYpEDYy3DqWOUqwC3TiekJ",
        "xigNjmR8bfiCn2E7GL",
        "3SoPwW6TOvqA2Z9MEKkCzXmGlryIV",
        "XvH6tn9J59omWeurpdUre",
        "ZWS9htj1XnwSSt8svQ3xTae2Ldh",
        "CPGxl9lSQGSJYMUxwzCbN6c5wr8P",
        "GXJIU9P4nzpLWNDwvSt7Xe9",
        "b9gGEdgWLM9QDs6WkZmQud",
        "NrE=[3Rw=K7X9;Rh%,S+ul=D",
        "2fDHwzjuSU8nYBWMvJ",
        "Pm2qN2pqMd0233DIGpVGnhAHQ",
        "aniOCuCgHIWg48Y2Zp",
        "FMDLrIeTMm3hSg69L",
        "NrE=[3Rw=K7X9;Rh%,S+ul=D",
        "QBthBDLoOmUz6Yzdtmn",
        "aUvnMANXdZGUcSylyn",
        "vDWkF2fCYuur8FOV4Wn"
    ]
}