{
    "requestToken": "gJRwUr-VME1ev-7OfsL-HMd-zeyEgm",
    "delimiters": {
        "alpha": "AQ=l5-vwShS=GoKL;M|L(T3qTFuQ&",
        "omega": "4s!v[=LEl=3Wu06R\\jAR=X="
    },
    "encData": [
        "Pl7OJHs9iWm4XQL9xukaEkpbwVyAB",
        "VZzksJ9DbGVT6xLMESQXYb6yo",
        "dLPkfPW7u0vIItB0686wYilpLe",
        "Cu8URjAfhzYuit8PJjcBCn1ffOW7sJ2",
        "RznoZBFkH5OXRWp4T7iH2pYem",
        "AQ=l5-vwShS=GoKL;M|L(T3qTFuQ&",
        "9wJ0KmyMvQEpRdH2oV",
        "GUkh5SKUG4ym9tNkghzqIkoZb9Z",
        "YlVoum38IbVGzWH90D109f5DixX",
        "qh3ppBo5Gwdurlzpy3f0",
        "4s!v[=LEl=3Wu06R\\jAR=X=",
        "rSHkOKYuGC1KkyyUEaEAlJYmj",
        "IpqjbE4EPO0rz4udPcfqNvSQQGg",
        "Feb4yhTr9ZGXFLtEh",
        "sPSYJBHRI2TIFFHNNsh0VvTrkMyo4",
        "4s!v[=LEl=3Wu06R\\jAR=X=",
        "FHR22AArsD2dVbustXTpuOuX1XKltc",
        "yIXXaizYQTgvvsatu6BF0X",
        "ETQGdsXt6D7xtFxkrD6",
        "JtPWfvuQpGdcWQNyjMOVbbPo5",
        "ybrHW2b74LpVutmq",
        "QlkvgWsqi9MhoMxbPN",
        "wMPlQL9j7UmgSM00",
        "rXKYZ7VFmbFpk5ECBJWV",
        "4s!v[=LEl=3Wu06R\\jAR=X=",
        "zsCMrZcfVrRvxNdAUfNVUwc",
        "ckQ7WNKx58v1rb0uXrpfCNy3o8",
        "BiqTEgX3eTSfgUWik",
        "C4H3GibehIvmYx2P2bcR",
        "4s!v[=LEl=3Wu06R\\jAR=X=",
        "j5czvuDF73MjuMiYUSNnDs",
        "XHNPo7riHLfB6Umevx4BxuMSZQV",
        "KvRG9OzSvuO20JZGRQFU4t0f4okf",
        "T2jX7tI90Qd0dTc7T12iB5Vw",
        "AQ=l5-vwShS=GoKL;M|L(T3qTFuQ&",
        "XNl3SeQLbwzStoFPeoBuxD7GmsOsdV",
        "F0D3lKJePsfyLQkB6jeSKr",
        "oklqlMD3ZaaHF5Q31jj8esMB",
        "s0QrYRAfgCw0rRCjm",
        "UOfr1dw2GXjyUCiOAI2CO",
        "RRHE5XAmWTjMSOy95EYIk",
        "YEVdAfZkSu6pv2w1",
        "HNA874VP61vn53kjPhguzpXgXM6Zvq",
        "M1sLK3jD8Ts8nwz7",
        "uhMa9QhBpBO3Kcksy3l",
        "jiaLalVhpheelvAIgpD1wfQqsUlijt",
        "C2vHfMYGZKYrLRUVLUzyusXY",
        "AQ=l5-vwShS=GoKL;M|L(T3qTFuQ&",
        "ebGpv52LdfAnEcfeQ",
        "ukBcqqj2sXRh5QEfsmDxLzXSO5kzu7",
        "8JJqIBsZoDNzGgu4d4moy4WMPVEMb",
        "UHDB6pCeq6u4ezkoWcW2LVp4Q",
        "AQ=l5-vwShS=GoKL;M|L(T3qTFuQ&",
        "aoTc8TB3HE0iT1WI",
        "zVISYEiMt2GV3zVM92dTPFd8rEj",
        "3V8ifKvMjGsIFUaljmyrgoBb",
        "T4b5QuU9yJj1HSFkwtOWcCGEKv8",
        "SpFHUMpMMCsbwbD3E4cQ4EoAw35R",
        "gSs418QTEWqlgmcXUMc9S",
        "fGBk7OoIZnpQ7OsgqzazR",
        "OGugbSyWSLDWcbnllRtZFke",
        "AQ=l5-vwShS=GoKL;M|L(T3qTFuQ&",
        "NmsLUEmQn6CMYUeQRBvlbOI",
        "w6nKAPpe2baqEIfEozS17UXO9FzPE",
        "4WujEot3jiTkPxkSuh",
        "VWlJYT8vaDFJ0nr7X43J",
        "AQ=l5-vwShS=GoKL;M|L(T3qTFuQ&",
        "xMtBZO99NrMCmc1pz13xN9",
        "3dnVW4ZtbwdwB2zz8aqxqCxSX",
        "CPc0nZNRnMSEXeOrvp8WtwmzN",
        "vy0dDRNBrnzvEMzl8uInphUB6Skff",
        "4s!v[=LEl=3Wu06R\\jAR=X=",
        "tl4DR7mWWymWghgok6",
        "YdTymx5WVjJnNenlSRoLVoJba8mT4f",
        "bPZ4JtzwuaCBoDg6Se6Lj8tnD",
        "UBMXfzU1UfkKdoye0cuuQe3VYZH7f",
        "DwYd0Y3jjRodPsTW",
        "0J6J2cfjEz8JnvEeDKf77jox2",
        "hxitgK5dft1mpVALG8suf0OKIdm6Pqk",
        "fAJbxFJrkCJCQhNQYxZX",
        "rBuGro8EgdPUDZk9T9HpYfnBWum6sKzx",
        "SBvSBmLEj3WfWbhpL",
        "czqaLOVXSvFH7jYuDYPvesSo",
        "4CT93J1UAcjQqBa7qC",
        "ixeiQGqwJ81FJ7BjpN84x5poV",
        "sDZhx4SMyaku0yFBv5h",
        "468l9Jh5LUPVGboz8nT71vPtvI50",
        "UzMuXz8dK8WmiRigsZnK",
        "hnPQrXIr7qQGBQfLOIvdKQhOpILj",
        "wsTvVyFoxBzBIyr9bxdUlE3YQ6vFJtA",
        "638HtW7CfClHNvbtuAHVuvfM4jCE",
        "CDOZuEgY7dBoaeJidktTbImisNAHh",
        "AQ=l5-vwShS=GoKL;M|L(T3qTFuQ&",
        "jrzkpfGIrq9HHHmjZ6lqx0L",
        "vk6WobfmqKPfV2cr0b",
        "VES1KHRDNnPGi6xr8YPOsHa",
        "T6WhTnHy8DM6XXMtpUxSJ1XDuA",
        "KC6E7tO8GCCScEJT2Hg",
        "annCswCSSWqmFLZ8pvOwbfU",
        "cvx4svNhqTB39HpokR",
        "Twoyfe0CzUHqrr9393tsYU7R",
        "cZaoIXqMJZOF6CUU1XV7c73a1w",
        "Z1fjyjFgYjozGyuoLyGmzAUy",
        "WtHF2K3rIfAq6zQDpyt4TdjW",
        "6vFPxkBo93S1LNqOfvECgTZDsO951l",
        "vEHEpSeqTABqnN80lMlJN4No",
        "isdu631q6SKGWlTuJBTeLDZBwbXOlBBs",
        "4i6ixQ59kqQKzIykd",
        "zisxuLjZxRCxni42r5qFvMK8",
        "rciznFdTmmRIpsmpHsbPSEGIxYwIIoWO",
        "mjGld65FLIrfOoN0R0XSdkGUKfguVGb",
        "dgLNsr6IDT4kXUFxX3BZ8mPM2rZ",
        "Ng4ZlHYWL6pyvn9bDZZS",
        "l6RzZrKdxjlybZe13U0fd",
        "wBhVvJWDpX6p9YyOBIQI3TaHq",
        "NmAu4lIc5I7ri2CRRB",
        "uJyoSt6nl3p2aiNURVO3wlcxtsh",
        "AQ=l5-vwShS=GoKL;M|L(T3qTFuQ&",
        "KO2JhkqzOBj3ku0MnsrWBWuaF8nm4m6",
        "AtfMUi1R7QE6iDNiHNq",
        "z0Ym7rT6aXPWZHv87tYtDwSO5h",
        "9UIgsTdBFzpgx1JavUvmwCXwh7QiW4sX",
        "AQ=l5-vwShS=GoKL;M|L(T3qTFuQ&",
        "YgXgiSUdXFANKzhjZKv5ZiYcCl1Vgh",
        "rUnghaAOzTA0Qta7p73xNhA",
        "aC7YzxvkRDmnfBuV60V1",
        "4X9aBfvlAGjTWVVUJ7ItlXegQY",
        "cDBG1MQEv79dsKmSrwv9RMGx0uIdcOg",
        "FX7cVhpmmWw4FOdxLacxAmrAM4kO",
        "0yRbdB4bUCgTKXI69fxvV68WzwCqys",
        "GllR6FcxiVazCtJDQmRKjH4xF8e1tLI",
        "AQ=l5-vwShS=GoKL;M|L(T3qTFuQ&",
        "EoaLRbmZlUH25fHdoOh45TantPyUG",
        "NIHS9OUcltm4Ru5sfnAwHf3W",
        "VOj1BTaMmzR5a54gU1",
        "u7BZ50lbvfEqRmxx",
        "4s!v[=LEl=3Wu06R\\jAR=X=",
        "RI3Pa5u9xB21Mq3cp",
        "kFAHn0u9pvs31YqFD",
        "BaDcWaWfcuVBv8NrHa3",
        "MWs8Wyl7jOcm4U3yx8cKIfRQNhw",
        "B0Px7C4q1gXGvQ6hWhw8DuSEgn3WFOa",
        "9bNqpCZuFwXGUcow774",
        "FuUAhvqVVbX0lu83mrRxZV0x5iE7t8",
        "moo9owEz7Bjy7fHFmwwh9R",
        "AQ=l5-vwShS=GoKL;M|L(T3qTFuQ&",
        "WJkftTKrdBBLqsrq",
        "1IIoglnfAfhRI6HJMaXcbs",
        "kfzXA3hXg4vWpWr7fUoX",
        "ytcaxmra9jPnWisaKw",
        "RtVChlFSPNMkqAHsytrQMTHYkxDkp",
        "kCf39VqeWmFQ1gbMsAqF58tIjTv",
        "aR7Jm4J7SiwAMztpIj",
        "qNG7s4yZnuvENL6dNHntvqoFOnbtN",
        "HUhGzBL2J5cAWDBhPVH8Itb",
        "cCPjeyI4Xsstom2LNoN9g6pQyeZIIfm",
        "M02jShaVP7qGpZ45hxSV",
        "q8bfxnGHjuBGhY5IV6",
        "AQ=l5-vwShS=GoKL;M|L(T3qTFuQ&",
        "EzEMg9xHkkss6Pmyb",
        "Fook58SsI9WdDfa2YjDRxhz9K83V",
        "tv6kixaeofZNBTwzQoSGxwzIEEq5IY2",
        "xf9OtTkBwe4NQzGhrSqqP04JHc",
        "AQ=l5-vwShS=GoKL;M|L(T3qTFuQ&",
        "G9nO70wCENoS3hOUL5tUmazwnT",
        "yxaeOyQOnNw6hLVxRS2Dv8",
        "BjqlKwl3HVvzE7itaXoor47Ba",
        "ci7rid315A6zL0Nt7Wn2sDdo",
        "oE2taSZwHcWQn9E9dJNLxvXcpWMC",
        "b4fzO5k15GxGFTmqp",
        "Q2Q4Eqqpj7CPtH0jLfgz7msLjccma9E",
        "kp5w9PmcrCu4WKiFS4X5xgtxPHyG",
        "yo2LUsFicbAqPbIxMLTvH1KVIxl",
        "oIbsAq0JHY5R1bYaTcprclxaTk",
        "SWfNLUXo7OCm4heuN4vYRSVl79oR",
        "23dXwPHaDcz5pCc4BRFshzAL",
        "AQ=l5-vwShS=GoKL;M|L(T3qTFuQ&",
        "DJK8AgaFyaldtoegz92VWHGIqmTT",
        "FWbNUqOpBZfhi1FJMK8Yz8TywVi",
        "xQrFfdixAI8W5CcCBVN",
        "EYHyIB0Uui8JpLbneX0eeGU6ScuYWiwQ",
        "Z4moqsiHRiI37tSLsm",
        "1VpCgX0G39InVi2Hc5wL7unYTfYIxt",
        "QaIsGjuflQyrxyq4sX",
        "mrFCXiaHWUr3mqfVoHO1A",
        "yunt3ufoYVLZ27SRRYzok0sfob4",
        "44R13id8GzF5XXErfcvNp9E5Lo",
        "1da1B9Yi4A2B8kOtAVjLYNBDznKK",
        "xy1i4WVVRCSE83sW4bvx1NmhrKaI3",
        "rrfPZQ5jY4z0ZlvQezz5gwzSQ",
        "lp9cOjcRmQJd0daly",
        "XGqbuLD22zgXE4GDA9ENTQrerVd4fPs2",
        "h4zHE4SW55rspBpr",
        "OXCyZDmuxG1uhwb6",
        "H6sJ32isxnLGgI4xWCrJ",
        "nLhdqOsYEPC8SG5zV9FNFApp2kx",
        "mtSdvssMtScBXK5Ty",
        "4s!v[=LEl=3Wu06R\\jAR=X=",
        "H2ItiP8bXZ8vern9pA6",
        "9tKSHh8cK9YcuPiEkfGDD7yl",
        "p9J64aKI4fnSSHSHM28N4dk881",
        "Mt0w63lfhpPdjdwOtP0qXQP2IJhdtnI",
        "AQ=l5-vwShS=GoKL;M|L(T3qTFuQ&",
        "2BoGNvpW71wVXaZjcBcA",
        "sd1Yb1pif0mhmoblQhKpcBa",
        "qWx2yWlUyatOGPA6",
        "JaHRhrnHzkMkl9VqJuISSAhjgswJB",
        "AQ=l5-vwShS=GoKL;M|L(T3qTFuQ&",
        "Ki84TIKYnqIGmSmfPYNh",
        "SoU9zCUcLrOnZp8yxYO9Lbbb9",
        "E5PjQmmkBsyolgZX5pN92XtwHtg1j49C",
        "hPFeMARoE6WiNJaa3SAalsCT",
        "VjyUwCUqbIziQebfg",
        "7czhIcCnuNIJKXVK",
        "mc43COZJZB2vYyTcZqaaZwpmD",
        "zcFHU5HVCfGV3J6MtHLY6939y",
        "9lbNqjhlUnn6rechadqYtWiGr",
        "QqE9WrWsGhKzLF9uKx",
        "YiFxMXjUyJYMnNHkwG6Xh1",
        "4Wy4DUdlmrAeEJM16T",
        "WCQMDWKwnAEFSNpdwohIfYmo1eko",
        "O02VMy2SupLHNmU4Wu",
        "qpL4IDjAye0gaBCBlUBEx",
        "4hJKVhjXZZaEU4M6qig",
        "4s!v[=LEl=3Wu06R\\jAR=X=",
        "EUYQxPX5z10Xsn4M",
        "JgpwyaF9SjkrxfIZK67K8Du",
        "2KxkavCn5FMYWFJ4x3gW",
        "aNpJED8VNEKjIFH8JGJJXJ9Uc",
        "xD5Soy5oJ7lUa86CFj22ChmdFX",
        "MBMYIWoQo7F2Ymf3acWRv0jT",
        "QpZeoYdhgwaGxhmbcRUC312ZB67NRWxD",
        "eO97a8px6UHCLOa8GEjXCXRhN54lHg",
        "sNH0W6Ne30yeOTRdAytsxMgNnEIzqROw",
        "04gqrz1y4YHL8z2o4",
        "Q0tTuRRQkyrAsPwTUbhAjUhTytq",
        "6afzABxAsbnDLQ0HJ5Xlcl17ZHVxjZ",
        "4s!v[=LEl=3Wu06R\\jAR=X=",
        "YXWiEXiZSlGmeloFWL3",
        "bxwCpwrd5ZYfFRYV2NgNRC18f3bJAsf",
        "QiI1K1UvLabobxNTWNs3NGiOEgM4W",
        "jfnHopKrOOwphT8GLksWNs",
        "AQ=l5-vwShS=GoKL;M|L(T3qTFuQ&",
        "t6oZFwBEl2zwYmMK0",
        "vXBUVPtGSdjELrBq",
        "eEJ2wfjPI38cT8Yl5iUJ",
        "PfKTnxQaLyyVKjfAnT1R",
        "4s!v[=LEl=3Wu06R\\jAR=X=",
        "0AVf3u4HwkO1ZFgbuxZx",
        "6sF2FLC53gubUvRRKy",
        "yxePkM22hgS7NfkTBCdWf3wCwX",
        "REDTO0HZLlwzKbwnvtJn3kJLiw54Do",
        "nR6V51ih8izsKyx4NL8D0X",
        "7xSRjnmz4Is3ie1hF",
        "6aZ5sulgzKAyCJIk9os1DuKMySx",
        "T4rBGBlsvkcKZLlkKd6",
        "4s!v[=LEl=3Wu06R\\jAR=X=",
        "gjMq0B4MikLydn58UwRezqPH",
        "dnyclohmZL5AAjSomkX4RsvtKYi5qXVW",
        "vIk8M8le9wvE1T2NY5cm",
        "1v8dKD2WY4AINSzL2x7tMkYp",
        "AQ=l5-vwShS=GoKL;M|L(T3qTFuQ&",
        "4sm3mXxdhQ7JbDaCiJrJKVz",
        "kKSOGy0Mn8wWsls5y5bHblLZ1CpzONn",
        "UzNzmfDSdEV32bpXp6F",
        "twlWn1eRnE4tjyz4nZe5KDrI",
        "4s!v[=LEl=3Wu06R\\jAR=X=",
        "DbPXpkQQWmxVuGL69Ms",
        "y14Um9APauWlFbDs5bq",
        "lVGYRAap9SKgKcnfAnVaJWTtzeoVGOUr",
        "kB6TIv557ti9iGiScLO6Zsv",
        "4s!v[=LEl=3Wu06R\\jAR=X=",
        "8mikgCP3OBGKmpuqYAw7tiW4k",
        "rOcRYCzr33Ixoa8SEkV",
        "cwbLfT1ivD9hFVz3bcX",
        "l0HANkbkPGFA0QNpd7FfSv6z217",
        "4s!v[=LEl=3Wu06R\\jAR=X=",
        "hcJ7zs66Kcg8lbP4HJtfxGDk5plT7Jte",
        "xvbOhp9hNhQZpwhc8s9",
        "6lAu0ZKEENqPPTT52ps76XrDFU2",
        "HUqoZpKGmPeicqxf4e",
        "AQ=l5-vwShS=GoKL;M|L(T3qTFuQ&",
        "7v8Z4UEa1wopz9TQL",
        "ruv5kEAUeCqqdepHN1wBHJkDVvq4aKPg",
        "m2MGNsptiqqysgTB7WU",
        "YlmCckEUAg5RbCcRYVQfVu2d",
        "AQ=l5-vwShS=GoKL;M|L(T3qTFuQ&",
        "tPeTCaFdRK89DZD5DY8Ktmwj74Gb165J",
        "9oWUkSxiWnLor08dqzoTcFykvhRBoJ",
        "SzJ0FAb9OlxTtx2l4r5BadIv",
        "Y1S73eUIsiYtWzdcXq5oBjyTqQ",
        "fCYrHhRvcmcBLddNEr9o5VgIf3dlw",
        "va6PpXtY0UY2B2AYfGe3rQ",
        "U3ngFa3cgyj7oefpL22m28bvOpJef",
        "ZzpCx8TlyZt8xe5s",
        "AQ=l5-vwShS=GoKL;M|L(T3qTFuQ&",
        "PTvMq81q3N1zKSLvjDOUN3bOggU",
        "vScCW1zMvx4oFNx2sKe9w3JZwLLfYa6",
        "desahlRShiOpswqQCXDWiceZYD",
        "bNeyRDk2oeh9F8ms2iRxZ12a",
        "4s!v[=LEl=3Wu06R\\jAR=X=",
        "DlHsLmOWbHuBUqyFS2",
        "eBhjYPr8pHOKiZr70",
        "Ta3BDYo5942MhEyT",
        "5qJZw5laFBAXYcXg1W",
        "itk1fbumoGS1XF7gP",
        "8HUg5YPNf1ceDZRfIflpLl2gyIoPfm",
        "9ZddJJDsaRbyGW4QT",
        "luiFBk97t6m2mXQrP04mqxH7uSA8",
        "4s!v[=LEl=3Wu06R\\jAR=X=",
        "ua36rAPxNgpPC6v6vEGpzmN8h4jc",
        "D9PvB57MXd64nC8Swyfle92NYN209gK",
        "FyAm3MeCJMrLkGPNCHMZMVYHSaNZ",
        "8RZ2LYCv3liPUr0dZpNKr",
        "y5bWJ7pJ3wSwtuQffd8L5bSBSmfdVy",
        "n7lPXlO4NWZBEZRFLUeo",
        "xjJn2hmKYv54C36xmAVunahOxXnnw",
        "eByDJgf9AG8SGqZ2p5YiZS",
        "VheVOqTr5M0oA4F1aa4",
        "yoKrQ0vBqfCjycPHzPmf5Q4v8AFIFhIY",
        "rbTjI8KfHlHJuGZaGHKFWr",
        "QEdw0EztJOARBY4wmRm84W7PAVixKmT",
        "AQ=l5-vwShS=GoKL;M|L(T3qTFuQ&",
        "slnzgcC4WMr23OiXjEyw8",
        "04TdVBE5wVEyZlwKqycM5vddO",
        "zvThyuX1ebnmpA4elA1bnt2grEj",
        "kMnPeY2qKayPSx5V3I",
        "4s!v[=LEl=3Wu06R\\jAR=X=",
        "sXHgvUrySqWttspeqFCx4Fk",
        "XDyEcCvtp6QGKFWaq1Yn",
        "ANO3u3ufHBgwBqmweDllyDctNGjHMw",
        "P9aWKQxB53W5qYvupu4gjBlQTw",
        "adSRg4I2gohB3sgODADzylG",
        "Wzg5vNBc37KBdQzjQi22vRfnfthgo1y",
        "KqZhZ1krlCLS9EMT",
        "YkWx2HNj71fNhSb7bWiIM7eL",
        "4s!v[=LEl=3Wu06R\\jAR=X=",
        "GrcbCE5NRRQ8NCEyR",
        "0uuExfWQclbD0ov29f",
        "ICNNGoYPpMfBG7nYCDRony1AoZ8",
        "zg82wSYZbqRISOyvy7Hvt0GTqCdaVv",
        "BaiLMZdon1vzwMggJFczc7Gr",
        "ETDEHIbuNI5wX9FuSP2RrJ",
        "3HiVcxpWum4mi90yguPmovtr",
        "LxhV4DtMLXA1EEkkMsRQ9YDeQ4S",
        "zFJBISZAruatubXAo1vQ4Nm3cB9jL",
        "Bw6PIO5dC4uB2q1F",
        "jt1NrsA7LZokESpXcG11Yj2lK",
        "jdaDnk0ljVJ0IG5kkci",
        "AQ=l5-vwShS=GoKL;M|L(T3qTFuQ&",
        "16s1yL9htEndlEj4glyTkY",
        "Wn2sUsmt3kcOEEuMMM3Gm6YzX5",
        "FRlkm8NaT2n5nVHNg",
        "zJFRRTNDfJObsCXGI59DTUHTfG",
        "isCNEA2dYx8oTRaa9wGR3",
        "RYF90NjNI36mhmNKgXzCcFApP",
        "yO9q7lGM3c02JLNPg",
        "DLxOwc8ecHuEknu87FswEeLXexcT",
        "AQ=l5-vwShS=GoKL;M|L(T3qTFuQ&",
        "qWslvmkHyveTE25jhQ0HUqbABszl",
        "GYGLrNzyk5RobqOqAUJPNgjAuo5",
        "Zq9DMCHB7gkqoOTDvs4H",
        "yOzaWEzK1DOq4zbxpHo1ZiG2Oejm",
        "CXDKOyiIKtjE474Gf",
        "HxNgbctW0cFvbpxqm1R0zosIBgJ",
        "Zji4oWIEbeFyQCimR",
        "MI6mNli2CF9LrRSWX2hDN",
        "njgwLU9CGPjblBrC2GoEDqilEPEnB",
        "OcukkbFcajSA8Iosbh66H0h",
        "6Vpq2XVBz2FS9KYX",
        "SJEMaFyTovwfT8V91pdXtU",
        "AQ=l5-vwShS=GoKL;M|L(T3qTFuQ&",
        "jVTIM1HcAbQsAxuZuRKjtIPwDBqTlME",
        "WG9MWm6xNwrgKRTo7jdJeWAgj01dIcV",
        "1TPX5TfNGLyKzTRav1h",
        "GUteOVDozQDSKmIfLww6hx8vQPMtbGy",
        "o8lebSS2DwWEBzJcHn2frcWe",
        "xtlkvw4O7QbBpuohvh6Hi9",
        "GigU3thAdRONZS95BzxzY59Sr72",
        "8xAuV1gBPpuj5QtUa4ExdiCWY7zAY",
        "4s!v[=LEl=3Wu06R\\jAR=X=",
        "NO1Dwy8k6MlJjWwMiX0",
        "xxYEwZQkjZ3G6mOqbWvM36vBZhVof",
        "z8Qr2K0Jp1ASEXcnUj7",
        "lCfZC3Zvlbg74taVJEhMiRuvM9BOmzPd",
        "4s!v[=LEl=3Wu06R\\jAR=X=",
        "0Ycli5W00EMZ2GVlyi1VKb",
        "Ge9BHR43cLXstPD5p3WUFsG",
        "rSiirl5gH8yWfMZv8dV6qcfLe0cRIZ4",
        "PmYlp7ZUK6OPicuN3i",
        "4s!v[=LEl=3Wu06R\\jAR=X=",
        "NsvirjcDXTckOp7WXZdAmzxm5zuDlqL",
        "2tc0oI02eODoup5SHQSPa1Kgv",
        "S3d3LfY2qZrGRjpiDxAfeZlMqH3Q",
        "DnSgd2EX6TeR5vKoBcFrEMnNPdYeQL93",
        "RzEHznTFXAvY7oXzUMJ4Aiv",
        "WCZssMUnKaAqtSOjV",
        "APOwY72Oto9SwjFeKdc9ld",
        "XccMfN5tZcujiMPUKGNB6bd",
        "9Y4uvOb8GHk2boZnn5E6eXM2x",
        "2iHXZT0z3W5mc0Ff3YQzsn0EARSgf34",
        "JY5Dmy3kmCv85U9uDUSvQa0IYAZRH",
        "aiBQswPqh3FWgUPwwi7zLoiyby6V",
        "AQ=l5-vwShS=GoKL;M|L(T3qTFuQ&",
        "B7Z1EkqalxSjk1ZrpRtzreXyXFZhv",
        "yfyHsm4ToDJ4iQIUTlHw7TAls64f",
        "2fbZcugFeS4VBzF7mTV8O",
        "O8CCo2rj2cGe1XDZbjuuUQIv8vjxA",
        "dArJfIeoXFThhi1aNJaw8ru8kzxOPJR",
        "A0DDhA0TTFEepz8TyxxgWvPs6QmKR",
        "XQcJOWrlaJWG7e7CHIIf",
        "CTC9unHGHKRhaGMybByrEM9R",
        "4s!v[=LEl=3Wu06R\\jAR=X=",
        "0li8YszhAABG4c0UziDhJC6s6xaD",
        "3nW09zMKXx4S9CahN3pe5uXfqvxu",
        "2ZmnRxj0xxauUYsAYC4",
        "tXfFj9c42U8MRSuECS8T65vJADLudu6m",
        "tGxTTn5K32KakqinATj4KolMqTm7cwqb",
        "vWgJhncRiuyFu2IReJyDp83uxR",
        "I2eLXFGeOv2uo8AxNYITVcNrwo",
        "eVWyWc34f5MihEgADM",
        "AQ=l5-vwShS=GoKL;M|L(T3qTFuQ&",
        "kttTUN5TaVR1ki3eLNk",
        "OaqtxgpaeyDCmsMYSy78QF",
        "xCVjua2IJqUt1UAIQ",
        "R09LOPXre81IRvWKsxRGx5ak",
        "AQ=l5-vwShS=GoKL;M|L(T3qTFuQ&",
        "ovmqFsk5SF4HcCrMuwqrvA2TBC2JZ451",
        "KNPZoB13luwWcJKsAvbvyIceTyqO",
        "68cuEWweVXGQ9S25KUEjcuNgon7lN0IR",
        "6FTjmF44p3GVhEH05qic2dQHqP06R",
        "4s!v[=LEl=3Wu06R\\jAR=X=",
        "nbRlYd9pjmNCmD30DL0ySGPzVQaQ",
        "3K88HB3GsW4WKPu8CSLO1at7qYtX2D",
        "gKddAgHXbvZGG2urknCbL6u",
        "eqXGlGC7ALbxdkep4rqCB57QX8FQ",
        "4s!v[=LEl=3Wu06R\\jAR=X=",
        "hDPQUrxjCGvfMQJRPqgTRILB",
        "XbcjPOiH8MhvmZF4SseT0YyQqdnV",
        "TgbQdfdvYcZJPGzHI7s9ezA6",
        "q2VNg86SZnGVKtsSCl4WGqCWUU",
        "AQ=l5-vwShS=GoKL;M|L(T3qTFuQ&",
        "065qC4i98iHSTx08yCX",
        "6O131z9VovpLmD9D3FMYy",
        "oDsQKf7mpTTTNLUEYuZFFT",
        "fBnY9jrI0fmM8Ho2e3B6adI0nd5nyJbx",
        "ZDKqBz72oXMEKysADNP2ZCC",
        "pB8WlGFH8L8ayUOXy",
        "t8HVDwgv5vc6SHFC4tpiuncWQsVfAqd9",
        "vA4DoRERYJlZQOyhnNWwOkKqJqQe",
        "kD4QdcPak77rp8HdUsZiIwLv3j",
        "bD4wJkosyBMDgK5aeXrj",
        "3cb84ftAgrenMuB2UHa8",
        "TLZaUMMFUW0guJIkr7tyiShg62YD",
        "4s!v[=LEl=3Wu06R\\jAR=X=",
        "hEkkrkn5QeODXDnmtqSoQjy43eyBAl",
        "PV5LmyihGGbos8lFHjNI",
        "JJs9gYa3BXbkZaZ3QT",
        "Wx6vcGIfgTsXigKQR89kSOOFH26KgUFR",
        "I6hrvPEDCLm4uYVNUpjuguHsTFJ8r2Z",
        "auHg1Oldzcfnl1UNuXuIeZ",
        "MtMTFz6AzDCjAv9RB56IRP5ckeAarg6S",
        "jE0N6UzanTZpWQ63ZDRZKh8sP2hC",
        "AQ=l5-vwShS=GoKL;M|L(T3qTFuQ&",
        "osX4EmyKJXJ8rcMrDKfrOCW",
        "U38pRSWx9HnvnKJz5M4Udq8Va3p",
        "fNjqo8v5HhpkMdqiUWapSkIlf",
        "NtJ1WLSM9ESZK6wEWRwVRqyUkS",
        "b3ERHIS4Ca0TkmDnSVdn1YIacFIbpF",
        "Z0jNcwV1op4NUUjVVxSOr7",
        "W3afWCzXoOwmERThMQkVZWSEHar",
        "NpvXNNXnYR5alCbNf7OTUrZDKd",
        "PwODmJzjzN4Uk2OA",
        "fCqONpYW94Zz5ZAo5m4rPz7KL",
        "nVOgncTbt2DJT9QnyxYHQ",
        "hNAWqb5kHBijn5vpOWpaswS",
        "AQ=l5-vwShS=GoKL;M|L(T3qTFuQ&",
        "B3Uc80pyng4Dl7fOwcTpHCOPYh",
        "URMjGr3XAKDahB7S",
        "xcY8IhxD2akh1XXmodGak",
        "mESQpyj9ch91pLOdb",
        "4s!v[=LEl=3Wu06R\\jAR=X=",
        "XWPXqQDkBoQIiv4qMFcwCR7lNQKL",
        "Gg0OJPiOM1fXUJGMr",
        "6VX4W2BaFHlqR7UZWEJTcRlgmm",
        "hDVHLwCdMMv6jhbDQ18dkS5",
        "QiJZMFLPQuZd9CKPvBZ",
        "ytuIxlN56g3bxJ7KblB6P0pkl86xvKm",
        "58foMv1ZFQSeUVKK5anMaOKTCBMdCbG5",
        "ppaHD93x9ihMPlqOGaPustg8",
        "GdG6rp8lKHkXw0Lp",
        "Nll8Q8HOzssGy7AW7gh9b",
        "mAxk9SXMzaYhDoRztWPs1PHjqJsqtNH8",
        "QVY3qcuQZCePiuC1XZe74W1bCHG",
        "4s!v[=LEl=3Wu06R\\jAR=X=",
        "IOX4QeF2g5xagnT4LLKomW3IpC",
        "KL5mU6FpZRKYbDqwzUl8",
        "jEZj44qbrnNT2td33ajz",
        "8yRT8qPauFxfO06zAFMNe6",
        "mru7UbqX7E2bJH2o48t",
        "W4C4k6BpDfFQuL9GxpGjfZPU",
        "VytKS00QgFTgdI5PqMT9UEjC1EwugfG6",
        "oUri8xeAv4H09g6bSLqFE52HsJezr",
        "i8FPfkSasmYuakkV",
        "MH6HtWLU3m4xcedXxi",
        "VeG5N7adh4J90z69acF",
        "EF5hMYfj6T0IAMO1",
        "5UAlSQlz06SbqY4GZ",
        "XqRqS1moQDoQtWCN4DvReqx2pu",
        "3fYZk61G6HMJF36AQa9mza",
        "MkdawmgOHwht5JwoANwSory",
        "AQ=l5-vwShS=GoKL;M|L(T3qTFuQ&",
        "dMh0ZdlY7vXSdJgr6MsFWiCD4",
        "1rnCa42ZZx1dJi0Qxi",
        "oJcjlTxlNrgmlzFOha7B0k1f0pPa5",
        "cEHgfetZZaGYrbFojzQyisCU78",
        "AQ=l5-vwShS=GoKL;M|L(T3qTFuQ&",
        "CXxpWPhGoGC8V0rTZZTYjVQ1Gfz0u",
        "NmiDj6lCc6JBhLaPGQkEebDOnZpdyoN",
        "PEL20lYCATft2RDKP2Q2I",
        "tQJYVp53BE82aHGVGeXPJzu2",
        "4s!v[=LEl=3Wu06R\\jAR=X=",
        "eSljtiQefjqF5bUDgWoHBPvb",
        "z1w0pT9uu7NJogPC9aCSJdyxkH",
        "vx6FB3CbrqP0x6wjUiWtRNvI",
        "0r8ZPj792OS7jh3AAQI4Oie4",
        "AQ=l5-vwShS=GoKL;M|L(T3qTFuQ&",
        "1xpfsKpvKMib0XxIah1HN5bQzuJcrzq",
        "mVM5myNfUFYVgjiv",
        "mAtY8FbxB6aRtm5AcrL",
        "hJi2UJZpODPAM5xgJWaQW",
        "tWslU2c1skEwldW1lsuSuF",
        "EtgPmxcDk6DvY3jt",
        "Yzl0aXpRhsknPyYgcrbeZ",
        "nuVSyHcI6F3RYoKiVHZdQ9bJvp1St4vE",
        "4s!v[=LEl=3Wu06R\\jAR=X=",
        "MeYSvGCa74QHOfPd8",
        "zqYtkrRnnK4iLb0zrR9UnmB",
        "HKOCzusNOybTu5oJ4Uafa9pG",
        "moDqFaEl2zOltrdoi1AgiqshwcwqJH7",
        "4s!v[=LEl=3Wu06R\\jAR=X=",
        "R2Lek7JGrD8GvXFWsinD2RXmncDNAx",
        "Mwri9a8SxpoJll4X6JhuMHk",
        "I0MYZyxhawuOlGqmYxuOiJI9rVK4d8XD",
        "TyGqqs6CFEJiGZgkSDuKtvs4",
        "lESVELdIiezITN56XxtzQcr1oaET",
        "sPcebmiVvQIN3RxBR5hReddDh3DqqPqq",
        "LYWPb5tSjMh164rDaBJwmfjga7mIp",
        "EyjpD0MMj9RLxXg1kkH1QHXjktYa",
        "4s!v[=LEl=3Wu06R\\jAR=X=",
        "c4iOnvDLVoILq3q3AyCC",
        "aGCkssEzhpKqXfmp00lGPosBn5",
        "vvNeP7yP3MVr5Ih8Y12AOHSOaxP",
        "viVLedwUtTURQxfnV6kMZQShfhV9v",
        "AQ=l5-vwShS=GoKL;M|L(T3qTFuQ&",
        "IfZaTXXsQV4Fxr27okw8gc3hk",
        "98fQz8VoOHREmrxa3Ni3",
        "w2oSwEHygI9w2DMy",
        "iFWbEO5QlVzKyIbKW2",
        "AQ=l5-vwShS=GoKL;M|L(T3qTFuQ&",
        "7xvHjEDg3PoVf8eo7wR7fCKR4Ok1mjCE",
        "GOu6wgir4MqBjF2WW1Ah",
        "GnkvkXapV1EIlS11ugXbxzKW3J3z",
        "0IZjJe7UJVaEnrVCQkXI",
        "KUNtwjKm4MAIi6qkQOuqE",
        "bP6FW33NA76auRBXwlLWQiPaMI",
        "VXWyAx6aC3iEiITD6PgHmQv27g1",
        "U0MTPenGqqWc3lkCm",
        "a5q5UgsegfTz40j2DJY5i8hqBvr6",
        "aZ532deAiI7E7m9sxSHUEvNA",
        "yHq8PfWE1acBBho1RenbpFqzgbsdTp",
        "J7XNUhmbdIvh6Qd4JvfZe",
        "AQ=l5-vwShS=GoKL;M|L(T3qTFuQ&",
        "n3toG90tceDDCwMwRAtsKEIw81zVfX",
        "zkrt1kuUjzMLuV3rg9EMV",
        "yWxJMUno0Kg7FqyObZuyt58",
        "DB7BINTl1xdreAyarCHmHiQeAkgVSZmW",
        "YkHSV54mZqWg0exsRINy67z",
        "GEpafZpyjmUfaFbyyUx6VbDAjD",
        "vEcQ3w8YVWdiU0qB6IiAb58S"
    ]
}